,language,string,keywords,id,answertype,aggregation,onlydbo,hybrid,query.sparql,uri.type,uri.value,c.type,c.value,string.type,string.value,date.type,date.value
109,en,Who is the mayor of New York City?,"New York City, mayor",5,resource,False,True,False,PREFIX dbo: <http://dbpedia.org/ontology/> PREFIX res: <http://dbpedia.org/resource/> SELECT DISTINCT ?uri WHERE { res:New_York_City dbo:leaderName ?uri },uri,http://dbpedia.org/resource/Bill_de_Blasio,,,,,,
281,en,Which movies starring Brad Pitt were directed by Guy Ritchie?,"movies, starring, Brad Pitt, directed, Guy Ritchie",12,resource,False,True,False,PREFIX dbo: <http://dbpedia.org/ontology/> PREFIX res: <http://dbpedia.org/resource/> PREFIX rdf: <http://www.w3.org/1999/02/22-rdf-syntax-ns#> SELECT DISTINCT ?uri WHERE { ?uri rdf:type dbo:Film ; dbo:starring res:Brad_Pitt ; dbo:director res:Guy_Ritchie },uri,http://dbpedia.org/resource/Snatch_(film),,,,,,
282,en,Give me the grandchildren of Bruce Lee.,"Bruce Lee, grandchildren",13,number,False,True,False,PREFIX dbo: <http://dbpedia.org/ontology/> PREFIX res: <http://dbpedia.org/resource/> SELECT DISTINCT ?uri WHERE { res:Bruce_Lee dbo:child ?child . ?child <http://dbpedia.org/property/children> ?uri },,,literal,1,,,,
283,en,Which other weapons did the designer of the Uzi develop?,"Uzi, designer, develop, weapon",14,resource,False,True,False,PREFIX dbo: <http://dbpedia.org/ontology/> PREFIX res: <http://dbpedia.org/resource/> PREFIX dbp: <http://dbpedia.org/property/> PREFIX rdf: <http://www.w3.org/1999/02/22-rdf-syntax-ns#> SELECT DISTINCT ?uri WHERE { ?uri rdf:type dbo:Weapon ; dbp:designer ?x . res:Uzi dbp:designer ?x FILTER ( ?uri != res:Uzi ) },uri,http://dbpedia.org/resource/Minebea_PM-9,,,,,,
284,en,Who is the owner of Universal Studios?,"Universal Studios, owner",15,resource,False,True,False,PREFIX dbo: <http://dbpedia.org/ontology/> PREFIX res: <http://dbpedia.org/resource/> SELECT DISTINCT ?uri WHERE { res:Universal_Studios dbo:owner ?uri },uri,http://dbpedia.org/resource/Comcast,,,,,,
285,en,Which state of the USA has the highest population density?,"state, USA, population density, highest",16,resource,False,False,False,PREFIX yago: <http://dbpedia.org/class/yago/> PREFIX dbp: <http://dbpedia.org/property/> PREFIX rdf: <http://www.w3.org/1999/02/22-rdf-syntax-ns#> SELECT DISTINCT ?uri WHERE { ?uri rdf:type yago:WikicatStatesOfTheUnitedStates ; dbp:densityrank ?rank } ORDER BY ASC(?rank) LIMIT 1,uri,http://dbpedia.org/resource/New_Jersey,,,,,,
866,en,Who wrote the book The pillars of the Earth?,"wrote, book, The pillars of the Earth",21,resource,False,True,False,PREFIX dbo: <http://dbpedia.org/ontology/> PREFIX res: <http://dbpedia.org/resource/> PREFIX rdfs: <http://www.w3.org/2000/01/rdf-schema#> SELECT DISTINCT ?uri WHERE { res:The_Pillars_of_the_Earth dbo:author ?uri },uri,http://dbpedia.org/resource/Ken_Follett,,,,,,
867,en,Which state of the United States of America has the highest density?,"state, united, states, america, highest, density",22,resource,False,False,False,PREFIX yago: <http://dbpedia.org/class/yago/> PREFIX rdfs: <http://www.w3.org/2000/01/rdf-schema#> PREFIX dbp: <http://dbpedia.org/property/> PREFIX rdf: <http://www.w3.org/1999/02/22-rdf-syntax-ns#> SELECT ?uri WHERE { ?uri dbp:densityrank ?density } ORDER BY ASC(?density) LIMIT 1,uri,http://dbpedia.org/resource/New_Jersey,,,,,,
978,en,How deep is Lake Placid?,"Lake Placid, depth",28,number,False,True,False,PREFIX dbo: <http://dbpedia.org/ontology/> SELECT DISTINCT ?n WHERE { <http://dbpedia.org/resource/Lake_Placid_(Texas)> dbo:maximumDepth ?n },,,literal,12.192,,,,
1108,en,Who is the tallest player of the Atlanta Falcons?,"Atlanta Falcons, player, tallest",31,resource,False,True,False,SELECT DISTINCT ?uri WHERE { ?uri <http://dbpedia.org/ontology/team> <http://dbpedia.org/resource/Atlanta_Falcons> ; <http://dbpedia.org/ontology/height> ?h } ORDER BY DESC(?h) OFFSET 0 LIMIT 1,uri,http://dbpedia.org/resource/Matt_Schaub,,,,,,
5409,en,When was the Statue of Liberty built?,"Statue of Liberty, built",35,date,False,True,False,SELECT DISTINCT ?date WHERE { <http://dbpedia.org/resource/Statue_of_Liberty> <http://dbpedia.org/property/beginningDate> ?date },,,,,,,literal,1886-10-28
5415,en,Who developed Minecraft?,"Minecraft, develop",37,resource,False,True,False,SELECT DISTINCT ?uri WHERE { <http://dbpedia.org/resource/Minecraft> <http://dbpedia.org/ontology/developer> ?uri },uri,http://dbpedia.org/resource/Mojang,,,,,,
5627,en,Give me all Swiss non-profit organizations.,"Swiss, non-profit organization",42,resource,False,True,False,SELECT DISTINCT ?uri WHERE { ?uri <http://dbpedia.org/ontology/type> <http://dbpedia.org/resource/Nonprofit_organization> { ?uri <http://dbpedia.org/ontology/location> <http://dbpedia.org/resource/Switzerland> } UNION { ?uri <http://dbpedia.org/ontology/location> ?x . ?x <http://dbpedia.org/ontology/country> <http://dbpedia.org/resource/Switzerland> } },uri,http://dbpedia.org/resource/Swiss_Medical_Students’_Association,,,,,,
5659,en,Where do the Red Sox play?,"where, Red Sox, play",45,resource,False,True,False,SELECT DISTINCT ?uri WHERE { <http://dbpedia.org/resource/Boston_Red_Sox> <http://dbpedia.org/property/ballpark> ?uri },uri,http://dbpedia.org/resource/Fenway_Park,,,,,,
5718,en,What is the official color of the University of Oxford?,"University of Oxford, official color",49,string,False,True,False,SELECT DISTINCT ?string WHERE { <http://dbpedia.org/resource/University_of_Oxford> <http://dbpedia.org/ontology/officialSchoolColour> ?string },,,,,literal,Oxford blue,,
5719,en,How many films did Hal Roach produce?,"Hal Roach, produce, film",50,number,True,True,False,SELECT (COUNT(DISTINCT ?uri) AS ?c) WHERE { ?uri <http://dbpedia.org/ontology/producer> <http://dbpedia.org/resource/Hal_Roach> },,,literal,530,,,,
5840,en,What is the most frequent cause of death?,"cause of death, most frequent",52,resource,True,True,False,SELECT DISTINCT ?x WHERE { ?uri <http://dbpedia.org/ontology/deathCause> ?x . } ORDER BY DESC(COUNT(DISTINCT ?uri)) OFFSET 0 LIMIT 1,uri,http://dbpedia.org/resource/Myocardial_infarction,,,,,,
5984,en,Give me the capitals of all countries that the Himalayas run through.,"countries Himalayas run through, capitals",55,resource,False,True,False,SELECT DISTINCT ?uri WHERE { <http://dbpedia.org/resource/Himalayas> <http://dbpedia.org/ontology/country> ?country . ?country <http://dbpedia.org/ontology/capital> ?uri },uri,http://dbpedia.org/resource/Thimphu,,,,,,
5985,en,How many movies did Park Chan-wook direct?,"how many movies, directed, Park Chan-wook",56,number,True,True,False,SELECT COUNT(DISTINCT ?uri AS ?uri) WHERE { ?uri <http://dbpedia.org/ontology/director> <http://dbpedia.org/resource/Park_Chan-wook> . },,,literal,15,,,,
6023,en,How many airlines are there?,"how many, airlines",58,number,True,True,False,SELECT (COUNT(DISTINCT ?uri) AS ?c) WHERE { ?uri a <http://dbpedia.org/ontology/Airline> },,,literal,4262,,,,
6112,en,How many inhabitants does Maribor have?,"Maribor, inhabitants",60,number,False,True,False,SELECT DISTINCT ?num WHERE { <http://dbpedia.org/resource/Maribor> <http://dbpedia.org/ontology/populationTotal> ?num },,,literal,95881,,,,
6833,en,What is the highest place of the Urals?,"Urals, highest place",65,resource,False,True,False,SELECT DISTINCT ?uri WHERE { <http://dbpedia.org/resource/Ural_Mountains> <http://dbpedia.org/property/highest> ?uri },uri,http://dbpedia.org/resource/Mount_Narodnaya,,,,,,
6834,en,Who is the governor of Wyoming?,"governor, Wyoming",66,resource,False,True,False,SELECT DISTINCT ?uri WHERE { <http://dbpedia.org/resource/Wyoming> <http://dbpedia.org/property/governor> ?uri },uri,http://dbpedia.org/resource/Matt_Mead,,,,,,
6835,en,Where did the architect of the Eiffel Tower study?,"architect, Eiffel Tower, study",67,resource,False,True,False,SELECT DISTINCT ?uri WHERE { <http://dbpedia.org/resource/Eiffel_Tower> <http://dbpedia.org/ontology/architect> ?x . ?x <http://dbpedia.org/property/almaMater> ?uri },uri,http://dbpedia.org/resource/École_Spéciale_d'Architecture,,,,,,
7057,en,Give me all Australian nonprofit organizations.,"nonprofit organization, Australia",71,resource,False,True,False,SELECT DISTINCT ?uri WHERE { ?uri <http://dbpedia.org/ontology/type> <http://dbpedia.org/resource/Nonprofit_organization> { ?uri <http://dbpedia.org/ontology/locationCountry> <http://dbpedia.org/resource/Australia> } UNION { ?uri <http://dbpedia.org/ontology/location> ?x . ?x <http://dbpedia.org/ontology/country> <http://dbpedia.org/resource/Australia> } },uri,http://dbpedia.org/resource/YourView,,,,,,
7058,en,Which pope succeeded John Paul II?,"pope, succeed, John Paul II",72,resource,False,True,False,SELECT DISTINCT ?uri WHERE { <http://dbpedia.org/resource/Pope_John_Paul_II> <http://dbpedia.org/property/successor> ?uri },uri,http://dbpedia.org/resource/Pope_Benedict_XVI,,,,,,
7059,en,Give me all ESA astronauts.,ESA astronauts,73,resource,False,True,False,SELECT DISTINCT ?uri WHERE { ?uri a <http://dbpedia.org/ontology/Astronaut> ; <http://dbpedia.org/property/type> <http://dbpedia.org/resource/European_Space_Agency> },uri,http://dbpedia.org/resource/Dirk_Frimout,,,,,,
7060,en,Who was president of Pakistan in 1978?,"president, Pakistan, 1978",74,resource,False,True,False,SELECT DISTINCT ?uri WHERE { ?uri <http://dbpedia.org/property/title> <http://dbpedia.org/resource/President_of_Pakistan> ; <http://dbpedia.org/property/years> 1978 },uri,http://dbpedia.org/resource/Muhammad_Zia-ul-Haq,,,,,,
7099,en,Show me everyone who was born on Halloween.,"person, born on, Halloween",79,resource,False,True,False,SELECT DISTINCT ?uri WHERE { ?uri a <http://dbpedia.org/ontology/Person> { ?uri <http://dbpedia.org/ontology/birthDate> ?date } UNION { ?uri <http://dbpedia.org/property/birthDate> ?date } <http://dbpedia.org/resource/Halloween> <http://dbpedia.org/property/date> ?date },uri,http://dbpedia.org/resource/Aaron_Osmond,,,,,,
7100,en,Which beer originated in Ireland?,"beer, originated, Ireland",80,resource,False,True,False,SELECT DISTINCT ?uri WHERE { ?uri <http://dbpedia.org/property/type> <http://dbpedia.org/resource/Beer> ; <http://dbpedia.org/ontology/origin> <http://dbpedia.org/resource/Beer_in_Ireland> },uri,http://dbpedia.org/resource/Guinness,,,,,,
7101,en,To which countries does the Himalayan mountain system extend?,"Himalayan mountain system, extend, country",81,resource,False,True,False,SELECT DISTINCT ?uri WHERE { <http://dbpedia.org/resource/Himalayas> <http://dbpedia.org/ontology/country> ?uri },uri,http://dbpedia.org/resource/Bhutan,,,,,,
7138,en,How much carbs does peanut butter have?,"how much, carbs, peanut butter",83,number,False,True,False,SELECT DISTINCT ?carbs WHERE { <http://dbpedia.org/resource/Peanut_butter> <http://dbpedia.org/property/carbs> ?carbs },,,literal,20.0,,,,
7139,en,Who produced the most films?,"film, produced, most",84,resource,True,True,False,SELECT DISTINCT ?uri WHERE { ?film <http://www.w3.org/1999/02/22-rdf-syntax-ns#type> <http://dbpedia.org/ontology/Film> . ?film <http://dbpedia.org/ontology/producer> ?uri . } ORDER BY DESC(COUNT(?film)) OFFSET 0 LIMIT 1,uri,http://dbpedia.org/resource/Adolph_Zukor,,,,,,
7140,en,How many employees does Google have?,"Google, employees",85,number,False,True,False,SELECT DISTINCT ?num WHERE { <http://dbpedia.org/resource/Google> <http://dbpedia.org/ontology/numberOfEmployees> ?num },,,literal,57100,,,,
7154,en,When was Alberta admitted as province?,"Alberta, admit, province",89,date,False,True,False,SELECT DISTINCT ?date WHERE { <http://dbpedia.org/resource/Alberta> <http://dbpedia.org/property/admittancedate> ?date },,,,,,,literal,1905-09-01
7155,en,How many missions does the Soyuz programme have?,"how many, mission, Soyuz programme",90,number,True,True,False,SELECT (COUNT(DISTINCT ?uri) AS ?c) WHERE { ?uri <http://dbpedia.org/property/programme> <http://dbpedia.org/resource/Soyuz_programme> },,,literal,139,,,,
7168,en,When were the Hells Angels founded?,"Hells Angels, founded",92,date,False,True,False,SELECT DISTINCT ?date WHERE { <http://dbpedia.org/resource/Hells_Angels> <http://dbpedia.org/property/founded> ?date },,,,,,,literal,1948-03-17
7169,en,What is the net income of Apple?,"net income, Apple",93,number,False,True,False,SELECT DISTINCT ?ni WHERE { <http://dbpedia.org/resource/Apple_Inc.> <http://dbpedia.org/ontology/netIncome> ?ni },,,literal,5.3394E10,,,,
7174,en,In which city was the former Dutch queen Juliana buried?,"Dutch queen Juliana, burried, city",95,resource,False,True,False,SELECT DISTINCT ?uri WHERE { <http://dbpedia.org/resource/Juliana_of_the_Netherlands> <http://dbpedia.org/property/burialPlace> ?uri . ?uri a <http://dbpedia.org/ontology/Settlement> },uri,http://dbpedia.org/resource/Delft,,,,,,
7183,en,Give me all companies in the advertising industry.,"company, advertising industry",97,number,True,True,False,"SELECT (COUNT(DISTINCT ?uri) AS ?c) WHERE { ?uri a <http://dbpedia.org/ontology/Company> { ?uri <http://dbpedia.org/ontology/industry> <http://dbpedia.org/resource/Advertising> } UNION { ?uri <http://dbpedia.org/ontology/industry> ?industry FILTER regex(?industry, ""advertising"", ""i"") } }",,,literal,307,,,,
7184,en,What is the largest metropolitan area in Washington state?,"largest metropolitan area, Washington state",98,resource,False,True,False,SELECT DISTINCT ?uri WHERE { <http://dbpedia.org/resource/Washington_(state)> <http://dbpedia.org/property/largestmetro> ?uri },uri,"http://dbpedia.org/resource/Seattle-Tacoma-Olympia,_WA_CSA",,,,,,
7185,en,Who killed John Lennon?,"killed, John Lennon",99,resource,False,True,False,SELECT DISTINCT ?uri WHERE { ?uri a <http://dbpedia.org/ontology/Person> ; <http://dbpedia.org/property/conviction> <http://dbpedia.org/resource/Death_of_John_Lennon> },uri,http://dbpedia.org/resource/Mark_David_Chapman,,,,,,
7327,en,What was Brazil's lowest rank in the FIFA World Ranking?,"Brazil, lowest rank, FIFA World Ranking",105,number,False,True,False,SELECT DISTINCT ?n WHERE { <http://dbpedia.org/resource/Brazil_national_football_team> <http://dbpedia.org/property/fifaMin> ?n },,,literal,22,,,,
7328,en,How many films did Leonardo DiCaprio star in?,"film, star, Leonardo DiCaprio",106,number,True,True,False,SELECT (COUNT(DISTINCT ?uri) AS ?c) WHERE { ?uri a <http://dbpedia.org/ontology/Film> ; <http://dbpedia.org/ontology/starring> <http://dbpedia.org/resource/Leonardo_DiCaprio> },,,literal,27,,,,
7421,en,Which country has the most official languages?,"country, official language, most",110,resource,True,True,False,SELECT DISTINCT ?uri WHERE { ?uri <http://www.w3.org/1999/02/22-rdf-syntax-ns#type> <http://dbpedia.org/ontology/Country> . ?uri <http://dbpedia.org/property/officialLanguages> ?language . } ORDER BY DESC(COUNT(?language)) OFFSET 0 LIMIT 1,uri,http://dbpedia.org/resource/Sark,,,,,,
7422,en,What is the total amount of men and women serving in the FDNY?,"total amount, men, women, serve, FDNY",111,number,False,True,False,SELECT DISTINCT ?num WHERE { <http://dbpedia.org/resource/New_York_City_Fire_Department> <http://dbpedia.org/property/employees> ?num },,,literal,15629,,,,
7455,en,In which U.S. state is Mount McKinley located?,"U.S. state, located, Mount McKinley",115,resource,False,False,False,SELECT DISTINCT ?uri WHERE { <http://dbpedia.org/resource/Mount_McKinley> dbo:wikiPageRedirects ?x . ?x <http://dbpedia.org/ontology/locatedInArea> ?uri. ?uri rdf:type yago:WikicatStatesOfTheUnitedStates },uri,http://dbpedia.org/resource/Alaska,,,,,,
7607,en,What is the highest mountain?,"mountain, highest",120,resource,False,True,False,SELECT DISTINCT ?uri WHERE { ?uri a <http://dbpedia.org/ontology/Mountain> ; <http://dbpedia.org/ontology/elevation> ?elevation } ORDER BY DESC(?elevation) OFFSET 0 LIMIT 1,uri,http://dbpedia.org/resource/Kings_Peak_(Idaho),,,,,,
7608,en,Which poet wrote the most books?,"poet, most, books",121,resource,True,True,False,SELECT DISTINCT ?uri WHERE { ?uri <http://dbpedia.org/ontology/occupation> <http://dbpedia.org/resource/Poet> . ?x <http://dbpedia.org/ontology/author> ?uri . ?x <http://www.w3.org/1999/02/22-rdf-syntax-ns#type> <http://dbpedia.org/ontology/Book> . } ORDER BY DESC(COUNT(?x)) OFFSET 0 LIMIT 1,uri,http://dbpedia.org/resource/Jules_Verne,,,,,,
7618,en,Which musician wrote the most books?,"musician, wrote, the most books",123,resource,True,True,False,SELECT DISTINCT ?uri WHERE { ?uri <http://dbpedia.org/ontology/occupation> <http://dbpedia.org/resource/Musician> . ?x <http://dbpedia.org/ontology/author> ?uri . ?x <http://www.w3.org/1999/02/22-rdf-syntax-ns#type> <http://dbpedia.org/ontology/Book> . } ORDER BY DESC(COUNT(?x)) OFFSET 0 LIMIT 1,uri,http://dbpedia.org/resource/Jo_Nesbø,,,,,,
7855,en,How many airlines are members of the Star Alliance?,"how many, airlines, member, Star Alliance",127,number,True,True,False,SELECT (COUNT(DISTINCT ?uri) AS ?c) WHERE { ?uri a <http://dbpedia.org/ontology/Airline> ; <http://dbpedia.org/ontology/alliance> <http://dbpedia.org/resource/Star_Alliance> },,,literal,97,,,,
7861,en,Who wrote The Hunger Games?,"wrote, Hunger Games",129,resource,False,True,False,SELECT DISTINCT ?uri WHERE { <http://dbpedia.org/resource/The_Hunger_Games> <http://dbpedia.org/property/author> ?uri },uri,http://dbpedia.org/resource/Suzanne_Collins,,,,,,
7862,en,For which label did Elvis record his first album?,"Elvis, first, album, label",130,resource,False,True,False,PREFIX dbo: <http://dbpedia.org/ontology/> PREFIX res: <http://dbpedia.org/resource/> PREFIX rdf: <http://www.w3.org/1999/02/22-rdf-syntax-ns#> SELECT DISTINCT ?uri WHERE { ?x rdf:type dbo:Album ; dbo:artist res:Elvis_Presley ; dbo:releaseDate ?y ; dbo:recordLabel ?uri } ORDER BY ASC(?y) OFFSET 0 LIMIT 1,uri,http://dbpedia.org/resource/Pickwick_Records,,,,,,
7863,en,Where is the residence of the prime minister of Spain?,"prime minister, Spain, residence",132,resource,False,True,False,SELECT DISTINCT ?uri WHERE { <http://dbpedia.org/resource/Prime_Minister_of_Spain> <http://dbpedia.org/property/residence> ?uri },uri,http://dbpedia.org/resource/Palacio_de_la_Moncloa,,,,,,
7864,en,Which actor was casted in the most movies?,"actor, casted, most movies",133,resource,True,True,False,SELECT DISTINCT ?uri WHERE { ?uri <http://www.w3.org/1999/02/22-rdf-syntax-ns#type> <http://dbpedia.org/ontology/Actor> . ?f <http://www.w3.org/1999/02/22-rdf-syntax-ns#type> <http://dbpedia.org/ontology/Film> . ?f <http://dbpedia.org/ontology/starring> ?uri . } ORDER BY DESC(COUNT(DISTINCT(?f))) OFFSET 0 LIMIT 1,uri,http://dbpedia.org/resource/Andy_Lau,,,,,,
7926,en,When did Latvia join the EU?,"Latvia, join, EU",138,date,False,True,False,SELECT DISTINCT ?date WHERE { <http://dbpedia.org/resource/Latvia> <http://dbpedia.org/property/accessioneudate> ?date },,,,,,,literal,2004-05-01
8042,en,How many politicians graduated from Columbia University?,"how many, politicians, graduated, Columbia University",140,number,True,True,False,SELECT (COUNT(DISTINCT ?uri) AS ?c) WHERE { ?uri <http://dbpedia.org/ontology/profession> <http://dbpedia.org/resource/Politician> ; <http://dbpedia.org/ontology/almaMater> <http://dbpedia.org/resource/Columbia_University> },,,literal,12,,,,
8061,en,Which telecommunications organizations are located in Belgium?,"telecommunications organization, located, Belgium",142,number,True,True,False,"SELECT (COUNT(DISTINCT ?uri) AS ?c) WHERE { ?uri a <http://dbpedia.org/ontology/Organisation> { ?uri <http://dbpedia.org/ontology/industry> <http://dbpedia.org/resource/Telecommunication> } UNION { ?uri <http://dbpedia.org/property/industry> ?industry FILTER regex(?industry, ""Telecommunications"") } { ?uri <http://dbpedia.org/ontology/location> <http://dbpedia.org/resource/Belgium> } UNION { ?uri <http://dbpedia.org/property/locationCountry> ""Belgium""@en } }",,,literal,7,,,,
8067,en,How many children does Eddie Murphy have?,"children, Eddie Murphy",144,number,False,True,False,SELECT DISTINCT ?n WHERE { <http://dbpedia.org/resource/Eddie_Murphy> <http://dbpedia.org/property/children> ?n },,,literal,9,,,,
8086,en,Who is the manager of Real Madrid?,"manager, Real Madrid",146,resource,False,True,False,SELECT DISTINCT ?uri WHERE { <http://dbpedia.org/resource/Real_Madrid_C.F.> <http://dbpedia.org/ontology/manager> ?uri },uri,http://dbpedia.org/resource/Zinedine_Zidane,,,,,,
10252,en,What is the longest river?,"river, longest",149,resource,False,True,False,SELECT DISTINCT ?uri WHERE { ?uri a <http://dbpedia.org/ontology/River> { ?uri <http://dbpedia.org/ontology/length> ?l } UNION { ?uri <http://dbpedia.org/property/length> ?l } } ORDER BY DESC(?l) OFFSET 0 LIMIT 1,uri,http://dbpedia.org/resource/Irtysh_River,,,,,,
10631,en,What is the birth name of Angela Merkel?,"birth name, Angela Merkel",151,string,False,True,False,SELECT DISTINCT ?string WHERE { <http://dbpedia.org/resource/Angela_Merkel> <http://dbpedia.org/property/birthName> ?string },,,,,literal,Angela Dorothea Kasner,,
10648,en,What is the smallest city by area in Germany?,"smallest, city, Germany",154,resource,False,True,False,PREFIX dbo: <http://dbpedia.org/ontology/> PREFIX skos: <http://www.w3.org/2004/02/skos/core#> PREFIX dbc: <http://dbpedia.org/resource/Category:> PREFIX dct: <http://purl.org/dc/terms/> SELECT ?city WHERE { ?m skos:broader dbc:Cities_in_Germany . ?city dct:subject ?m ; dbo:areaTotal ?area } ORDER BY ?area LIMIT 1,uri,http://dbpedia.org/resource/Eckernförde,,,,,,
10649,en,What is the ruling party in Lisbon?,"Lisbon, ruling party",155,resource,False,True,False,SELECT DISTINCT ?uri WHERE { <http://dbpedia.org/resource/Lisbon> <http://dbpedia.org/property/leaderParty> ?uri },uri,http://dbpedia.org/resource/Socialist_Party_(Portugal),,,,,,
10650,en,How heavy is Jupiter's lightest moon?,"how heavy, Jupiter, moon, lightest",156,number,False,True,False,SELECT DISTINCT ?n WHERE { ?uri <http://dbpedia.org/property/satelliteOf> <http://dbpedia.org/resource/Jupiter> ; <http://dbpedia.org/ontology/mass> ?n } ORDER BY ASC(?n) OFFSET 0 LIMIT 1,,,literal,1100.0,,,,
10651,en,How many employees does IBM have?,"IBM, employees",157,number,False,True,False,SELECT DISTINCT ?number WHERE { <http://dbpedia.org/resource/IBM> <http://dbpedia.org/ontology/numberOfEmployees> ?number },,,literal,377757,,,,
10665,en,What does ICRO stand for?,"ICRO, stand for",159,resource,False,True,False,"SELECT DISTINCT ?uri WHERE { ?uri <http://dbpedia.org/ontology/abbreviation> ""ICRO"" }",uri,http://dbpedia.org/resource/Irish_Cave_Rescue_Organisation,,,,,,
11250,en,What is the second highest mountain on Earth?,"mountain, second highest",165,resource,False,True,False,SELECT DISTINCT ?uri WHERE { ?uri a <http://dbpedia.org/ontology/Mountain> ; <http://dbpedia.org/ontology/elevation> ?elevation } ORDER BY DESC(?elevation) OFFSET 1 LIMIT 1,uri,http://dbpedia.org/resource/Y_Ro_Wen,,,,,,
11289,en,How many programming languages are there?,"how many, programming languages",168,number,True,True,False,SELECT (COUNT(DISTINCT ?uri) AS ?c) WHERE { ?uri a <http://dbpedia.org/ontology/ProgrammingLanguage> },,,literal,2031,,,,
11422,en,In which U.S. state is Fort Knox located?,"Fort Knox, located, U.S. state",172,resource,False,True,False,PREFIX dbo: <http://dbpedia.org/ontology/> PREFIX res: <http://dbpedia.org/resource/> PREFIX dbp: <http://dbpedia.org/property/> SELECT DISTINCT ?uri WHERE { res:Fort_Knox dbo:location ?uri . ?uri dbo:country res:United_States },uri,http://dbpedia.org/resource/Kentucky,,,,,,
12272,en,Who is the heaviest player of the Chicago Bulls?,"heaviest player, Chicago Bulls",186,resource,False,True,False,SELECT DISTINCT ?uri WHERE { ?uri a <http://dbpedia.org/ontology/Person> ; <http://dbpedia.org/ontology/weight> ?num { ?uri <http://dbpedia.org/property/team> <http://dbpedia.org/resource/Chicago_Bulls> } UNION { ?uri <http://dbpedia.org/property/draftTeam> <http://dbpedia.org/resource/Chicago_Bulls> } UNION { ?uri <http://dbpedia.org/ontology/draftTeam> <http://dbpedia.org/resource/Chicago_Bulls> } } ORDER BY DESC(?num) OFFSET 0 LIMIT 1,uri,http://dbpedia.org/resource/Roberto_Dueñas,,,,,,
12281,en,What is the largest country in the world?,"largest country, world",188,resource,False,True,False,PREFIX dbo: <http://dbpedia.org/ontology/> PREFIX rdf: <http://www.w3.org/1999/02/22-rdf-syntax-ns#> SELECT DISTINCT ?uri WHERE { ?uri rdf:type dbo:Country ; dbo:areaTotal ?n } ORDER BY DESC(?n) OFFSET 0 LIMIT 1,uri,http://dbpedia.org/resource/Organization_for_Security_and_Co-operation_in_Europe,,,,,,
12282,en,What is the largest city in america?,"largest, city, america",189,resource,False,True,False,PREFIX dbo: <http://dbpedia.org/ontology/> PREFIX dbr: <http://dbpedia.org/resource/> SELECT ?lcity WHERE { dbr:United_States dbo:largestCity ?lcity },uri,http://dbpedia.org/resource/New_York_City,,,,,,
12283,en,Who was the pope that founded the Vatican Television?,"pope, founded, Vatican Television",190,resource,False,True,False,PREFIX dbo: <http://dbpedia.org/ontology/> PREFIX res: <http://dbpedia.org/resource/> PREFIX rdf: <http://www.w3.org/1999/02/22-rdf-syntax-ns#> SELECT ?uri WHERE { ?uri rdf:type dbo:Pope . res:Vatican_Television_Center dbo:foundedBy ?uri },uri,http://dbpedia.org/resource/Pope_John_Paul_II,,,,,,
12284,en,Who discovered Ceres?,"discoverer, Ceres",191,resource,False,True,False,PREFIX dbo: <http://dbpedia.org/ontology/> SELECT DISTINCT ?uri WHERE { <http://dbpedia.org/resource/Ceres_(dwarf_planet)> dbo:discoverer ?uri },uri,http://dbpedia.org/resource/Giuseppe_Piazzi,,,,,,
12285,en,Who is the king of the Netherlands?,"king, the Netherlands",192,resource,False,True,False,PREFIX dbo: <http://dbpedia.org/ontology/> PREFIX res: <http://dbpedia.org/resource/> PREFIX rdf: <http://www.w3.org/1999/02/22-rdf-syntax-ns#> SELECT DISTINCT ?uri WHERE { res:Netherlands dbo:leader ?uri . ?uri rdf:type dbo:Royalty },uri,http://dbpedia.org/resource/Willem-Alexander_of_the_Netherlands,,,,,,
12286,en,What is the alma mater of the chancellor of Germany Angela Merkel?,Angela Merkel,194,resource,False,True,False,PREFIX dbo: <http://dbpedia.org/ontology/> PREFIX dbr: <http://dbpedia.org/resource/> SELECT ?Almamater WHERE { dbr:Angela_Merkel dbo:almaMater ?Almamater },uri,http://dbpedia.org/resource/Leipzig_University,,,,,,
12287,en,Who wrote the book Les Piliers de la terre?,"wrote, book, The pillars of the Earth",195,resource,False,True,False,PREFIX dbo: <http://dbpedia.org/ontology/> PREFIX res: <http://dbpedia.org/resource/> SELECT DISTINCT ?uri WHERE { res:The_Pillars_of_the_Earth dbo:author ?uri },uri,http://dbpedia.org/resource/Ken_Follett,,,,,,
12302,en,What is the highest mountain in Saxony Germany?,"highest, mountain, Saxony, Germany",201,resource,False,True,False,PREFIX dbo: <http://dbpedia.org/ontology/> PREFIX dbr: <http://dbpedia.org/resource/> SELECT ?m WHERE { ?m dbo:mountainRange dbr:Ore_Mountains ; dbo:elevation ?height } ORDER BY DESC(?height) LIMIT 1,uri,http://dbpedia.org/resource/Fichtelberg,,,,,,
12303,en,Who is the current federal minister of finance in Germany?,"federal minister of finance, germany",202,resource,False,True,False,PREFIX dbo: <http://dbpedia.org/ontology/> SELECT ?leader WHERE { <http://dbpedia.org/resource/Federal_Ministry_of_Finance_(Germany)> dbo:leader ?leader },uri,http://dbpedia.org/resource/Wolfgang_Schäuble,,,,,,
12304,en,In which country is Mecca located?,"country, located, Mecca",203,resource,False,True,False,PREFIX dbo: <http://dbpedia.org/ontology/> PREFIX res: <http://dbpedia.org/resource/> SELECT DISTINCT ?uri WHERE { res:Mecca dbo:country ?uri },uri,http://dbpedia.org/resource/Saudi_Arabia,,,,,,
12305,en,Who played Gus Fring in Breaking Bad?,"play, Gus Fring, Breaking Bad",204,resource,False,True,False,PREFIX dbo: <http://dbpedia.org/ontology/> PREFIX res: <http://dbpedia.org/resource/> SELECT DISTINCT ?uri WHERE { res:Gus_Fring dbo:portrayer ?uri },uri,http://dbpedia.org/resource/Giancarlo_Esposito,,,,,,
12308,en,In which state Penn State University is located?,Penn State University,206,resource,False,True,False,PREFIX dbo: <http://dbpedia.org/ontology/> PREFIX dbr: <http://dbpedia.org/resource/> SELECT ?s WHERE { dbr:Pennsylvania_State_University dbo:state ?s },uri,http://dbpedia.org/resource/Pennsylvania,,,,,,
12309,en,What is the biggest stadium in Spain?,"biggest stadium, Spain",207,resource,False,True,False,PREFIX dbo: <http://dbpedia.org/ontology/> PREFIX res: <http://dbpedia.org/resource/> PREFIX rdf: <http://www.w3.org/1999/02/22-rdf-syntax-ns#> SELECT DISTINCT ?uri WHERE { ?uri rdf:type dbo:Stadium ; dbo:location res:Spain ; dbo:seatingCapacity ?n } ORDER BY DESC(?n) OFFSET 0 LIMIT 1,uri,http://dbpedia.org/resource/Vicente_Calderón_Stadium,,,,,,
12310,en,Who is the coach of Ankara's ice hockey team?,"coach, ice hockey team, Ankara",208,resource,False,True,False,PREFIX dbo: <http://dbpedia.org/ontology/> PREFIX res: <http://dbpedia.org/resource/> SELECT DISTINCT ?uri WHERE { ?x dbo:city res:Ankara ; dbo:league res:Turkish_Ice_Hockey_First_League ; dbo:coach ?uri },uri,http://dbpedia.org/resource/İbrahim_Oğuz,,,,,,
12311,en,How large is the area of UK?,"area, UK",209,number,False,True,False,PREFIX dbo: <http://dbpedia.org/ontology/> PREFIX dbr: <http://dbpedia.org/resource/> SELECT ?area WHERE { dbr:United_Kingdom dbo:areaTotal ?area },,,literal,2.42495e+11,,,,
12348,en,how much is the elevation of Düsseldorf Airport ?,Düsseldorf Airport,216,number,False,True,False,PREFIX dbo: <http://dbpedia.org/ontology/> PREFIX dbr: <http://dbpedia.org/resource/> SELECT ?ele WHERE { dbr:Düsseldorf_Airport dbo:elevation ?ele } LIMIT 1,,,literal,44.8,,,,
12349,en,How much is the population of mexico city ?,mexico city,217,number,False,True,False,PREFIX dbo: <http://dbpedia.org/ontology/> PREFIX dbr: <http://dbpedia.org/resource/> SELECT ?Mexico_City WHERE { dbr:Mexico_City dbo:populationTotal ?Mexico_City },,,literal,8918653,,,,
12350,en,when was the founding date of french fifth republic?,french fifth republic,218,date,False,True,False,PREFIX dbo: <http://dbpedia.org/ontology/> PREFIX dbr: <http://dbpedia.org/resource/> SELECT ?ff WHERE { dbr:French_Fifth_Republic dbo:foundingDate ?ff },,,,,,,literal,1958-10-04
12351,en,Who was the first King of England?,first King of England,219,resource,False,False,False,PREFIX dbo: <http://dbpedia.org/ontology/> PREFIX yago: <http://dbpedia.org/class/yago/> PREFIX rdf: <http://www.w3.org/1999/02/22-rdf-syntax-ns#> SELECT DISTINCT ?uri WHERE { ?uri rdf:type dbo:Royalty ; rdf:type yago:WikicatEnglishMonarchs ; dbo:activeYearsStartYear ?date } ORDER BY ASC(?date) OFFSET 0 LIMIT 1,uri,http://dbpedia.org/resource/Harold_Godwinson,,,,,,
12352,en,Who is the editor of Forbes?,"Forbes, editor",220,resource,False,True,False,PREFIX dbo: <http://dbpedia.org/ontology/> PREFIX res: <http://dbpedia.org/resource/> SELECT DISTINCT ?uri WHERE { res:Forbes dbo:editor ?uri },uri,http://dbpedia.org/resource/Steve_Forbes,,,,,,
12356,en,Who is the youngest Darts player?,"Darts player, youngest",222,resource,False,True,False,PREFIX dbo: <http://dbpedia.org/ontology/> PREFIX rdf: <http://www.w3.org/1999/02/22-rdf-syntax-ns#> SELECT DISTINCT ?uri WHERE { ?uri rdf:type dbo:DartsPlayer ; dbo:birthDate ?date } ORDER BY DESC(?date) OFFSET 0 LIMIT 1,uri,http://dbpedia.org/resource/Max_Hopp,,,,,,
12357,en,Which river does the Brooklyn Bridge cross?,"river, cross, Brooklyn Bridge",224,resource,False,True,False,PREFIX dbo: <http://dbpedia.org/ontology/> PREFIX res: <http://dbpedia.org/resource/> SELECT DISTINCT ?uri WHERE { res:Brooklyn_Bridge dbo:crosses ?uri },uri,http://dbpedia.org/resource/East_River,,,,,,
12358,en,How many people live in Poland?,"How many people, Poland",225,number,False,True,False,PREFIX dbo: <http://dbpedia.org/ontology/> PREFIX res: <http://dbpedia.org/resource/> SELECT DISTINCT ?uri WHERE { res:Poland dbo:populationTotal ?uri },,,literal,38483957,,,,
12359,en,When was the last episode of the TV series Friends aired?,"last episode, Friends Tv show",226,date,False,True,False,PREFIX dbo: <http://dbpedia.org/ontology/> PREFIX dbr: <http://dbpedia.org/resource/> SELECT ?date WHERE { dbr:Friends dbo:completionDate ?date },,,,,,,literal,2004-05-06
12362,en,how much is the total population of  european union?,european union,230,number,False,True,False,PREFIX dbo: <http://dbpedia.org/ontology/> PREFIX dbr: <http://dbpedia.org/resource/> SELECT ?europop WHERE { dbr:European_Union dbo:populationTotal ?europop },,,literal,510056011,,,,
12370,en,Who developed the video game World of Warcraft?,"video game, World of Warcraft, develop",232,resource,False,True,False,PREFIX dbo: <http://dbpedia.org/ontology/> PREFIX res: <http://dbpedia.org/resource/> SELECT DISTINCT ?uri WHERE { res:World_of_Warcraft dbo:developer ?uri },uri,http://dbpedia.org/resource/Blizzard_Entertainment,,,,,,
12371,en,What is the birth name of Adele?,Adele,233,string,False,True,False,PREFIX dbo: <http://dbpedia.org/ontology/> PREFIX dbr: <http://dbpedia.org/resource/> SELECT ?bn WHERE { dbr:Adele dbo:birthName ?bn },,,,,literal,Adele Laurie Blue Adkins,,
12372,en,What is the population of Cairo?,"population, Cairo",234,number,False,True,False,PREFIX dbo: <http://dbpedia.org/ontology/> PREFIX dbr: <http://dbpedia.org/resource/> SELECT ?pop WHERE { dbr:Cairo dbo:populationTotal ?pop },,,literal,10230350,,,,
12373,en,What is the last work of Dan Brown?,"last work, Dan Brown",236,resource,False,True,False,PREFIX dbo: <http://dbpedia.org/ontology/> PREFIX dbp: <http://dbpedia.org/property/> PREFIX dbr: <http://dbpedia.org/resource/> SELECT ?book WHERE { { ?book dbo:author dbr:Dan_Brown . ?book dbp:releaseDate ?date } UNION { ?book dbo:author dbr:Dan_Brown . ?book dbo:publicationDate ?date} } ORDER BY DESC(xsd:date(?date)) LIMIT 1,uri,http://dbpedia.org/resource/Inferno_(Brown_novel),,,,,,
12374,en,Where is Sungkyunkwan University?,"Sungkyunkwan, University",237,resource,False,True,False,PREFIX dbo: <http://dbpedia.org/ontology/> PREFIX dbr: <http://dbpedia.org/resource/> SELECT DISTINCT ?country WHERE { dbr:Sungkyunkwan_University dbo:city ?city ; dbo:country ?country },uri,http://dbpedia.org/resource/South_Korea,,,,,,
12375,en,Who is the author of the interpretation of dreams?,"Interpretation of Dreams, Author",238,resource,False,True,False,PREFIX dbo: <http://dbpedia.org/ontology/> PREFIX dbr: <http://dbpedia.org/resource/> SELECT ?Author WHERE { dbr:The_Interpretation_of_Dreams dbo:author ?Author },uri,http://dbpedia.org/resource/Sigmund_Freud,,,,,,
12376,en,When was the death  of  Shakespeare?,Shakespeare,239,date,False,True,False,PREFIX dbo: <http://dbpedia.org/ontology/> PREFIX dbr: <http://dbpedia.org/resource/> SELECT ?x WHERE { dbr:William_Shakespeare dbo:deathDate ?x } LIMIT 1,,,,,,,literal,1616-04-23
12377,en,Who developed Slack?,"developer, Slack",241,resource,False,True,False,PREFIX dbo: <http://dbpedia.org/ontology/> SELECT DISTINCT ?uri WHERE { ?uri dbo:product <http://dbpedia.org/resource/Slack_(software)> },uri,http://dbpedia.org/resource/Slack_Technologies,,,,,,
12378,en,Where is the origin of Carolina reaper?,Carolina reaper,242,uri,False,True,False,PREFIX dbo: <http://dbpedia.org/ontology/>PREFIX dbr: <http://dbpedia.org/resource/> SELECT ?uri WHERE { dbr:Carolina_Reaper dbo:origin ?uri},uri,"http://dbpedia.org/resource/Fort_Mill,_South_Carolina",,,,,,
12379,en,In which year was Rachel Stevens born?,"year, born, Rachel Stevens",243,number,False,True,False,PREFIX dbo: <http://dbpedia.org/ontology/> PREFIX res: <http://dbpedia.org/resource/> SELECT DISTINCT ?uri WHERE { res:Rachel_Stevens dbo:birthYear ?uri },,,literal,1978,,,,
12380,en,How often did Jane Fonda marry?,"Jane Fonda, marry, how often",244,number,True,True,False,PREFIX dbo: <http://dbpedia.org/ontology/> PREFIX res: <http://dbpedia.org/resource/> SELECT (COUNT(DISTINCT ?uri) AS ?c) WHERE { res:Jane_Fonda dbo:spouse ?uri },,,literal,3,,,,
12390,en,Which university did Angela Merkel attend?,"university, Angela Merkel",248,resource,False,True,False,PREFIX dbo: <http://dbpedia.org/ontology/> PREFIX res: <http://dbpedia.org/resource/> SELECT DISTINCT ?university WHERE { res:Angela_Merkel dbo:almaMater ?university },uri,http://dbpedia.org/resource/Leipzig_University,,,,,,
12396,en,How many Aldi stores are there?,"own, Aldi",250,number,False,True,False,PREFIX dbo: <http://dbpedia.org/ontology/> PREFIX res: <http://dbpedia.org/resource/> SELECT DISTINCT ?number WHERE { res:Aldi dbo:numberOfLocations ?number },,,literal,9600,,,,
12397,en,What is the longest river in the world?,"longest river, world",251,resource,False,True,False,PREFIX dbo: <http://dbpedia.org/ontology/> PREFIX rdf: <http://www.w3.org/1999/02/22-rdf-syntax-ns#> SELECT ?uri WHERE { ?uri rdf:type dbo:BodyOfWater ; dbo:length ?length } ORDER BY DESC(?length) LIMIT 1,uri,http://dbpedia.org/resource/Irtysh_River,,,,,,
12403,en,Who was the wife of U.S. president Lincoln?,"U.S. president, Lincoln, wife",254,resource,False,True,False,PREFIX dbo: <http://dbpedia.org/ontology/> PREFIX res: <http://dbpedia.org/resource/> SELECT DISTINCT ?uri WHERE { res:Abraham_Lincoln dbo:spouse ?uri },uri,http://dbpedia.org/resource/Mary_Todd_Lincoln,,,,,,
12404,en,Which species does an elephant belong?,"species, elephant",255,string,False,True,False,PREFIX dbr: <http://dbpedia.org/resource/> PREFIX dbp: <http://dbpedia.org/property/> SELECT ?species WHERE { dbr:Elephant dbp:species ?species },,,,,literal,Proboscidea,,
12405,en,How many people live in the capital of Australia?,"Australia, capital, people, live",256,number,False,True,False,PREFIX dbo: <http://dbpedia.org/ontology/> PREFIX res: <http://dbpedia.org/resource/> SELECT DISTINCT ?num WHERE { res:Australia dbo:capital ?x . ?x dbo:populationTotal ?num },,,literal,381488,,,,
12406,en,In which ancient empire could you pay with cocoa beans?,"ancient empire, pay, cocoa beans",257,resource,False,True,False,PREFIX dbo: <http://dbpedia.org/ontology/> PREFIX res: <http://dbpedia.org/resource/> SELECT DISTINCT ?uri WHERE { ?uri dbo:currency res:Cocoa_bean },uri,http://dbpedia.org/resource/Aztec_Empire,,,,,,
12407,en,How many theories did Albert Einstein come up with?,"theories, Albert Einstein, come up",258,number,True,True,False,PREFIX dbo: <http://dbpedia.org/ontology/> PREFIX dbr: <http://dbpedia.org/resource/> SELECT (COUNT(?uri) AS ?count) WHERE { dbr:Albert_Einstein dbo:knownFor ?uri },,,literal,12,,,,
12408,en,Who composed the soundtrack for Cameron's Titanic?,"compose, soundtrack, Cameron's Titanic",259,resource,False,True,False,PREFIX dbo: <http://dbpedia.org/ontology/> SELECT DISTINCT ?uri WHERE { <http://dbpedia.org/resource/Titanic_(1997_film)> dbo:musicComposer ?uri },uri,http://dbpedia.org/resource/James_Horner,,,,,,
12409,en,Give me the runtime of Toy Story.,"runtime, Toy Story",260,number,False,True,False,PREFIX dbo: <http://dbpedia.org/ontology/> PREFIX res: <http://dbpedia.org/resource/> SELECT DISTINCT ?runtime WHERE { res:Toy_Story dbo:runtime ?runtime },,,literal,4860.0,,,,
12418,en,Which electronics companies were founded in Beijing?,"electronics companies, founded, Beijing",263,resource,False,True,False,PREFIX dbo: <http://dbpedia.org/ontology/> PREFIX res: <http://dbpedia.org/resource/> PREFIX rdf: <http://www.w3.org/1999/02/22-rdf-syntax-ns#> SELECT DISTINCT ?uri WHERE { ?uri rdf:type dbo:Company ; dbo:industry res:Electronics ; dbo:foundationPlace res:Beijing },uri,http://dbpedia.org/resource/Lenovo,,,,,,
12422,en,Who is the mayor of Paris?,mayor of Paris,265,resource,False,True,False,PREFIX dbo: <http://dbpedia.org/ontology/> PREFIX res: <http://dbpedia.org/resource/> SELECT DISTINCT ?uri WHERE { res:Paris dbo:mayor ?uri },uri,http://dbpedia.org/resource/Anne_Hidalgo,,,,,,
12423,en,Which Indian company has the most employees?,"Indian company, the most employees",269,resource,False,True,False,PREFIX dbo: <http://dbpedia.org/ontology/> PREFIX res: <http://dbpedia.org/resource/> PREFIX rdf: <http://www.w3.org/1999/02/22-rdf-syntax-ns#> SELECT DISTINCT ?uri WHERE { ?uri rdf:type dbo:Company ; dbo:location res:India ; dbo:numberOfEmployees ?n } ORDER BY DESC(?n) OFFSET 0 LIMIT 1,uri,http://dbpedia.org/resource/Railway_Board,,,,,,
12424,en,Who was John F. Kennedy's vice president?,"John F. Kennedy, vice president",270,resource,False,True,False,PREFIX dbo: <http://dbpedia.org/ontology/> PREFIX res: <http://dbpedia.org/resource/> SELECT DISTINCT ?uri WHERE { res:John_F._Kennedy dbo:vicePresident ?uri },uri,http://dbpedia.org/resource/Lyndon_B._Johnson,,,,,,
12425,en,Which country does the creator of Miffy come from?,"Miffy, creator, country",271,resource,False,True,False,PREFIX dbo: <http://dbpedia.org/ontology/> PREFIX res: <http://dbpedia.org/resource/> SELECT DISTINCT ?uri WHERE { res:Miffy dbo:creator ?x . ?x dbo:nationality ?uri },uri,http://dbpedia.org/resource/Netherlands,,,,,,
12426,en,In what city is the Heineken brewery?,"city, Heineken brewery",273,resource,False,True,False,PREFIX dbo: <http://dbpedia.org/ontology/> PREFIX res: <http://dbpedia.org/resource/> SELECT DISTINCT ?uri WHERE { res:Heineken dbo:manufacturer ?x . ?x dbo:locationCity ?uri },uri,http://dbpedia.org/resource/Amsterdam,,,,,,
12433,en,how big is the total area of North Rhine- Westphalia?,Nord Rhine Westphalia,278,number,False,True,False,PREFIX dbo: <http://dbpedia.org/ontology/> PREFIX dbr: <http://dbpedia.org/resource/> SELECT ?tarea WHERE { dbr:North_Rhine-Westphalia dbo:areaTotal ?tarea },,,literal,3.40841e+10,,,,
12434,en,Which city has the most inhabitants?,"city, the most inhabitants",279,resource,False,True,False,PREFIX dbo: <http://dbpedia.org/ontology/> PREFIX res: <http://dbpedia.org/resource/> PREFIX rdf: <http://www.w3.org/1999/02/22-rdf-syntax-ns#> SELECT DISTINCT ?uri WHERE { ?uri rdf:type dbo:City ; dbo:populationTotal ?pop } ORDER BY DESC(?pop) OFFSET 0 LIMIT 1,uri,http://dbpedia.org/resource/Carei,,,,,,
12439,en,When will start the final match of the football world cup 2018?,football world cup 2018,281,date,False,True,False,PREFIX dbr: <http://dbpedia.org/resource/> PREFIX dbp: <http://dbpedia.org/property/> SELECT ?Date WHERE { dbr:2018_FIFA_World_Cup dbp:date ?Date } ORDER BY DESC(?Date) LIMIT 1,,,,,,,literal,2018-07-15
12456,en,how much is the population  Iraq?,Iraq,283,number,False,True,False,PREFIX dbo: <http://dbpedia.org/ontology/> PREFIX dbr: <http://dbpedia.org/resource/> SELECT ?pIraq WHERE { dbr:Iraq dbo:populationTotal ?pIraq },,,literal,37056169,,,,
12457,en,How many inhabitants does the largest city in Canada have?,"inhabitants, largest city, Canada",284,number,False,True,False,PREFIX dbo: <http://dbpedia.org/ontology/> PREFIX res: <http://dbpedia.org/resource/> SELECT DISTINCT ?num WHERE { res:Canada dbo:largestCity ?city . ?city dbo:populationTotal ?num },,,literal,2615060,,,,
12458,en,Who is the mayor of the capital of French Polynesia?,"mayor, capital, French Polynesia",285,resource,False,True,False,PREFIX dbo: <http://dbpedia.org/ontology/> PREFIX res: <http://dbpedia.org/resource/> SELECT DISTINCT ?uri WHERE { res:French_Polynesia dbo:capital ?x . ?x dbo:mayor ?uri },uri,http://dbpedia.org/resource/Michel_Buillard,,,,,,
12477,en,How tall is Claudia Schiffer?,"Claudia Schiffer, tall",287,number,False,True,False,PREFIX dbo: <http://dbpedia.org/ontology/> PREFIX res: <http://dbpedia.org/resource/> SELECT DISTINCT ?height WHERE { res:Claudia_Schiffer dbo:height ?height },,,literal,1.81,,,,
12478,en,how much is the population densty rank of germany?,Germany,288,number,False,True,False,PREFIX dbr: <http://dbpedia.org/resource/> PREFIX dbp: <http://dbpedia.org/property/> SELECT ?rank WHERE { dbr:Germany dbp:populationDensityRank ?rank },,,literal,58,,,,
12479,en,What is the highest mountain in Italy?,"highest, mountain, Italy",289,resource,False,True,False,PREFIX dbo: <http://dbpedia.org/ontology/> PREFIX res: <http://dbpedia.org/resource/> PREFIX rdf: <http://www.w3.org/1999/02/22-rdf-syntax-ns#> SELECT DISTINCT ?uri WHERE { ?uri rdf:type dbo:Mountain ; dbo:locatedInArea res:Italy ; dbo:elevation ?num } ORDER BY DESC(?num) OFFSET 0 LIMIT 1,uri,http://dbpedia.org/resource/Mont_Blanc,,,,,,
12488,en,What is the official language of Suriname?,"Suriname, official language",291,resource,False,True,False,PREFIX dbo: <http://dbpedia.org/ontology/> PREFIX res: <http://dbpedia.org/resource/> SELECT DISTINCT ?uri WHERE { res:Suriname dbo:officialLanguage ?uri },uri,http://dbpedia.org/resource/Dutch_language,,,,,,
12489,en,In which city did Nikos Kazantzakis die?,"city, Nikos Kazantzakis, die",292,resource,False,True,False,PREFIX dbo: <http://dbpedia.org/ontology/> PREFIX res: <http://dbpedia.org/resource/> PREFIX rdf: <http://www.w3.org/1999/02/22-rdf-syntax-ns#> SELECT DISTINCT ?uri WHERE { res:Nikos_Kazantzakis dbo:deathPlace ?uri . ?uri rdf:type dbo:Town },uri,http://dbpedia.org/resource/Freiburg_im_Breisgau,,,,,,
12500,en,In which country is the Limerick Lake?,"Limerick Lake, country",294,resource,False,True,False,PREFIX dbo: <http://dbpedia.org/ontology/> PREFIX res: <http://dbpedia.org/resource/> SELECT DISTINCT ?uri WHERE { res:Limerick_Lake dbo:country ?uri },uri,http://dbpedia.org/resource/Canada,,,,,,
12506,en,In which time zone is Rome?,"time zone, Rome",297,resource,False,True,False,PREFIX dbo: <http://dbpedia.org/ontology/> PREFIX res: <http://dbpedia.org/resource/> SELECT DISTINCT ?uri WHERE { res:Rome dbo:timeZone ?uri },uri,http://dbpedia.org/resource/Central_European_Time,,,,,,
12507,en,How high is the lighthouse in Colombo?,"high, lighthouse in Colombo",298,number,False,True,False,PREFIX dbo: <http://dbpedia.org/ontology/> PREFIX res: <http://dbpedia.org/resource/> SELECT DISTINCT ?num WHERE { res:Colombo_Lighthouse dbo:height ?num },,,literal,15.0,,,,
12513,en,Who is the mayor of Rotterdam?,"mayor, Rotterdam",300,resource,False,True,False,PREFIX dbo: <http://dbpedia.org/ontology/> PREFIX res: <http://dbpedia.org/resource/> SELECT DISTINCT ?uri WHERE { res:Rotterdam dbo:leaderName ?uri },uri,http://dbpedia.org/resource/Ahmed_Aboutaleb,,,,,,
12514,en,What is the largest city in Australia?,"Australia, largest city",301,resource,False,True,False,PREFIX dbo: <http://dbpedia.org/ontology/> PREFIX res: <http://dbpedia.org/resource/> SELECT DISTINCT ?uri WHERE { res:Australia dbo:largestCity ?uri },uri,http://dbpedia.org/resource/Sydney,,,,,,
12515,en,Who was married to president Chirac?,"married to, president Chirac",302,resource,False,True,False,PREFIX dbo: <http://dbpedia.org/ontology/> PREFIX res: <http://dbpedia.org/resource/> SELECT DISTINCT ?uri WHERE { res:Jacques_Chirac dbo:spouse ?uri },uri,http://dbpedia.org/resource/Bernadette_Chirac,,,,,,
12516,en,What form of government is found in South Africa?,"form, government, South Africa",303,resource,False,True,False,PREFIX dbo: <http://dbpedia.org/ontology/> PREFIX dbr: <http://dbpedia.org/resource/> SELECT ?uri WHERE { dbr:South_Africa dbo:governmentType ?uri },uri,http://dbpedia.org/resource/Unitary_state,,,,,,
12517,en,How high is the Yokohama Marine Tower?,"height, Yokohama Marine Tower",304,number,False,True,False,PREFIX dbo: <http://dbpedia.org/ontology/> PREFIX res: <http://dbpedia.org/resource/> SELECT DISTINCT ?num WHERE { res:Yokohama_Marine_Tower dbo:height ?num },,,literal,106.07,,,,
14668,en,Who is the tallest basketball player?,"tallest, basketball player",306,resource,False,True,False,PREFIX dbo: <http://dbpedia.org/ontology/> PREFIX rdf: <http://www.w3.org/1999/02/22-rdf-syntax-ns#> SELECT DISTINCT ?uri WHERE { ?uri rdf:type dbo:BasketballPlayer ; dbo:height ?num } ORDER BY DESC(?num) OFFSET 0 LIMIT 1,uri,http://dbpedia.org/resource/Thijs_Vermeulen,,,,,,
14669,en,How many languages are spoken in Turkmenistan?,"languages, Turkmenistan",307,number,True,True,False,PREFIX dbo: <http://dbpedia.org/ontology/> PREFIX res: <http://dbpedia.org/resource/> SELECT (COUNT(DISTINCT ?x) AS ?c) WHERE { res:Turkmenistan dbo:language ?x },,,literal,2,,,,
14670,en,To which party does the mayor of Paris belong?,"party, mayor of Paris, belong",310,resource,False,True,False,PREFIX dbo: <http://dbpedia.org/ontology/> PREFIX res: <http://dbpedia.org/resource/> SELECT DISTINCT ?uri WHERE { res:Paris dbo:mayor ?x . ?x dbo:party ?uri },uri,http://dbpedia.org/resource/Socialist_Party_(France),,,,,,
14671,en,Who is the Formula 1 race driver with the most races?,"Formula 1, race driver, races, most",311,resource,False,True,False,PREFIX dbo: <http://dbpedia.org/ontology/> PREFIX rdf: <http://www.w3.org/1999/02/22-rdf-syntax-ns#> SELECT DISTINCT ?uri WHERE { ?uri rdf:type dbo:FormulaOneRacer ; dbo:races ?x } ORDER BY DESC(?x) OFFSET 0 LIMIT 1,uri,http://dbpedia.org/resource/Michael_Schumacher,,,,,,
14672,en,What country is Sitecore from?,"country, Sitecore",312,resource,False,True,False,PREFIX dbo: <http://dbpedia.org/ontology/> PREFIX res: <http://dbpedia.org/resource/> SELECT DISTINCT ?uri WHERE { res:Sitecore dbo:foundationPlace ?uri },uri,http://dbpedia.org/resource/Denmark,,,,,,
14673,en,Give me the birth place of Frank Sinatra.,"birth place, Frank Sinatra",313,resource,False,True,False,PREFIX dbo: <http://dbpedia.org/ontology/> PREFIX res: <http://dbpedia.org/resource/> SELECT DISTINCT ?place WHERE { res:Frank_Sinatra dbo:birthPlace ?place },uri,"http://dbpedia.org/resource/Hoboken,_New_Jersey",,,,,,
14674,en,Who is the son of Sonny and Cher?,"son, Sonny and Cher",315,resource,False,True,False,PREFIX dbo: <http://dbpedia.org/ontology/> PREFIX res: <http://dbpedia.org/resource/> SELECT DISTINCT ?uri WHERE { ?uri dbo:parent res:Cher ; dbo:parent res:Sonny_Bono },uri,http://dbpedia.org/resource/Chaz_Bono,,,,,,
14675,en,How many ethnic groups live in Slovenia?,"how many, ethnic groups, Slovenia",316,number,True,True,False,PREFIX dbo: <http://dbpedia.org/ontology/> PREFIX res: <http://dbpedia.org/resource/> SELECT (COUNT(DISTINCT ?uri) AS ?c) WHERE { res:Slovenia dbo:ethnicGroup ?uri },,,literal,4,,,,
14676,en,What is the capital of Cameroon?,"capital, Cameroon",317,resource,False,True,False,PREFIX dbo: <http://dbpedia.org/ontology/> PREFIX res: <http://dbpedia.org/resource/> SELECT DISTINCT ?uri WHERE { res:Cameroon dbo:capital ?uri },uri,http://dbpedia.org/resource/Yaoundé,,,,,,
14677,en,How many pages does War and Peace have?,"pages, War and Peace",319,number,False,True,False,PREFIX dbo: <http://dbpedia.org/ontology/> PREFIX res: <http://dbpedia.org/resource/> SELECT DISTINCT ?n WHERE { res:War_and_Peace dbo:numberOfPages ?n },,,literal,1225,,,,
14678,en,Who is the oldest child of Meryl Streep?,"oldest child, Meryl Streep",320,resource,False,True,False,PREFIX dbo: <http://dbpedia.org/ontology/> PREFIX res: <http://dbpedia.org/resource/> SELECT DISTINCT ?uri WHERE { res:Meryl_Streep dbo:child ?uri . ?uri dbo:birthDate ?d } ORDER BY ASC(?d) OFFSET 0 LIMIT 1,uri,http://dbpedia.org/resource/Henry_Wolfe_Gummer,,,,,,
14684,en,What does IYCM stand for?,"IYCM, stand for",322,resource,False,True,False,"PREFIX dbo: <http://dbpedia.org/ontology/> PREFIX res: <http://dbpedia.org/resource/> SELECT DISTINCT ?uri WHERE { ?uri dbo:abbreviation ""IYCM"" }",uri,http://dbpedia.org/resource/Youth_Climate_Movement,,,,,,
14767,en,When was the Titanic completed?,"Titanic, completion date",325,date,False,True,False,PREFIX dbo: <http://dbpedia.org/ontology/> PREFIX res: <http://dbpedia.org/resource/> SELECT DISTINCT ?date WHERE { res:RMS_Titanic dbo:completionDate ?date },,,,,,,literal,1912-04-02
14768,en,How many states are in Mexico?,"states, Mexico",327,number,True,True,False,PREFIX dbo: <http://dbpedia.org/ontology/> PREFIX dbr: <http://dbpedia.org/resource/> SELECT (COUNT(?uri) AS ?count) WHERE { ?uri dbo:type dbr:States_of_Mexico },,,literal,31,,,,
14769,en,Which scientist is known for the Manhattan Project and the Nobel Peace Prize?,"scientist, known for, Manhattan Project, Nobel Peace Prize",328,resource,False,True,False,PREFIX dbo: <http://dbpedia.org/ontology/> PREFIX res: <http://dbpedia.org/resource/> PREFIX rdf: <http://www.w3.org/1999/02/22-rdf-syntax-ns#> SELECT DISTINCT ?uri WHERE { ?uri dbo:knownFor res:Manhattan_Project ; rdf:type dbo:Scientist ; dbo:knownFor res:Nobel_Peace_Prize },uri,http://dbpedia.org/resource/Joseph_Rotblat,,,,,,
14770,en,How much did the Lego Movie cost?,"Lego Movie, cost",329,number,False,True,False,PREFIX dbo: <http://dbpedia.org/ontology/> PREFIX res: <http://dbpedia.org/resource/> SELECT DISTINCT ?n WHERE { res:The_Lego_Movie dbo:budget ?n },,,literal,6.0E7,,,,
14771,en,Who composed the music for Harold and Maude?,"Harold and Maude, compose, music",330,resource,False,True,False,PREFIX dbo: <http://dbpedia.org/ontology/> PREFIX res: <http://dbpedia.org/resource/> SELECT DISTINCT ?uri WHERE { res:Harold_and_Maude dbo:musicComposer ?uri },uri,http://dbpedia.org/resource/Cat_Stevens,,,,,,
14785,en,Which city has the least inhabitants?,"city, the least inhabitants",332,resource,False,True,False,PREFIX dbo: <http://dbpedia.org/ontology/> PREFIX rdf: <http://www.w3.org/1999/02/22-rdf-syntax-ns#> SELECT DISTINCT ?uri WHERE { ?uri rdf:type dbo:City ; dbo:populationTotal ?pop } ORDER BY ASC(?pop) OFFSET 0 LIMIT 1,uri,http://dbpedia.org/resource/Bakhdida,,,,,,
14786,en,Where is Syngman Rhee buried?,"Syngman Rhee, buried",333,resource,False,True,False,PREFIX dbo: <http://dbpedia.org/ontology/> PREFIX res: <http://dbpedia.org/resource/> SELECT DISTINCT ?uri WHERE { res:Syngman_Rhee dbo:restingPlace ?uri },uri,http://dbpedia.org/resource/Seoul_National_Cemetery,,,,,,
14787,en,Who wrote the book The Pillars of the Earth?,"wrote, book, The pillars of the Earth",335,resource,False,True,False,PREFIX dbo: <http://dbpedia.org/ontology/> PREFIX res: <http://dbpedia.org/resource/> SELECT DISTINCT ?uri WHERE { res:The_Pillars_of_the_Earth dbo:author ?uri },uri,http://dbpedia.org/resource/Ken_Follett,,,,,,
14788,en,Who was the doctoral supervisor of Albert Einstein?,"doctoral supervisor, Albert Einstein",337,resource,False,True,False,PREFIX dbo: <http://dbpedia.org/ontology/> PREFIX res: <http://dbpedia.org/resource/> SELECT DISTINCT ?uri WHERE { res:Albert_Einstein dbo:doctoralAdvisor ?uri },uri,http://dbpedia.org/resource/Alfred_Kleiner,,,,,,
14789,en,Who was Vincent van Gogh inspired by?,"person, inspiring, Vincent van Gogh",339,resource,False,True,False,PREFIX dbo: <http://dbpedia.org/ontology/> PREFIX res: <http://dbpedia.org/resource/> SELECT DISTINCT ?uri WHERE { ?uri dbo:influenced res:Vincent_van_Gogh },uri,http://dbpedia.org/resource/Anton_Mauve,,,,,,
14790,en,Which building after the Burj Khalifa has the most floors?,"building, after, Burj Khalifa, most floors",340,resource,False,True,False,PREFIX dbo: <http://dbpedia.org/ontology/> PREFIX res: <http://dbpedia.org/resource/> PREFIX rdf: <http://www.w3.org/1999/02/22-rdf-syntax-ns#> SELECT DISTINCT ?uri WHERE { res:Burj_Khalifa dbo:floorCount ?burj . ?uri rdf:type dbo:Building ; dbo:floorCount ?proj FILTER ( ?proj < ?burj ) } ORDER BY DESC(?proj) LIMIT 1,uri,http://dbpedia.org/resource/102_Incheon_Tower,,,,,,
14791,en,What was the final result of the War of the Roses?,"result, War of Roses",341,string,False,True,False,PREFIX dbo: <http://dbpedia.org/ontology/> PREFIX dbr: <http://dbpedia.org/resource/> SELECT DISTINCT ?result WHERE { ?uri dbo:isPartOfMilitaryConflict dbr:Wars_of_the_Roses ; dbo:result ?result ; dbo:date ?date } ORDER BY DESC(?date) OFFSET 0 LIMIT 1,,,,,literal,Decisive Tudor victory,,
14792,en,How much did Pulp Fiction cost?,"cost, Pulp Fiction",342,number,False,True,False,PREFIX dbo: <http://dbpedia.org/ontology/> PREFIX res: <http://dbpedia.org/resource/> SELECT DISTINCT ?n WHERE { res:Pulp_Fiction dbo:budget ?n },,,literal,8.0,,,,
14793,en,Who is starring in Spanish movies produced by Benicio del Toro?,"starring, Spanish movies, produced, Benicio del Toro",345,resource,False,True,False,PREFIX dbo: <http://dbpedia.org/ontology/> PREFIX res: <http://dbpedia.org/resource/> PREFIX rdf: <http://www.w3.org/1999/02/22-rdf-syntax-ns#> SELECT DISTINCT ?uri WHERE { ?film rdf:type dbo:Film ; dbo:country res:Spain ; dbo:producer res:Benicio_del_Toro ; dbo:starring ?uri . ?uri rdf:type dbo:Person },uri,http://dbpedia.org/resource/Benicio_del_Toro,,,,,,
14797,en,Where was Bach born?,"birthplace, Bach",348,resource,False,True,False,PREFIX dbo: <http://dbpedia.org/ontology/> PREFIX res: <http://dbpedia.org/resource/> SELECT DISTINCT ?uri WHERE { res:Johann_Sebastian_Bach dbo:birthPlace ?uri },uri,http://dbpedia.org/resource/Eisenach,,,,,,
14798,en,Which city has the oldest running metro?,"city, oldest running metro",349,resource,False,True,False,PREFIX dbo: <http://dbpedia.org/ontology/> PREFIX dbr: <http://dbpedia.org/resource/> PREFIX rdf: <http://www.w3.org/1999/02/22-rdf-syntax-ns#> SELECT ?loc WHERE { ?uri dbo:type dbr:Rapid_transit ; dbo:openingYear ?date ; dbo:location ?loc . ?loc rdf:type dbo:City } ORDER BY ASC(?date) LIMIT 1,uri,http://dbpedia.org/resource/Almaty,,,,,,
14799,en,Who designed the Brooklyn Bridge?,"Brooklyn Bridge, design",350,resource,False,True,False,PREFIX dbo: <http://dbpedia.org/ontology/> PREFIX res: <http://dbpedia.org/resource/> SELECT DISTINCT ?uri WHERE { res:Brooklyn_Bridge dbo:architect ?uri },uri,http://dbpedia.org/resource/John_Augustus_Roebling,,,,,,
14800,en,How many people live in Eurasia?,"people, Eurasia",351,number,False,True,False,PREFIX dbo: <http://dbpedia.org/ontology/> PREFIX res: <http://dbpedia.org/resource/> SELECT DISTINCT ?population WHERE { res:Eurasia dbo:populationTotal ?population },,,literal,5041175000,,,,
14801,en,Who is the host of the BBC Wildlife Specials?,"host, BBC Wildlife Specials",352,resource,False,True,False,PREFIX dbo: <http://dbpedia.org/ontology/> PREFIX res: <http://dbpedia.org/resource/> SELECT DISTINCT ?uri WHERE { res:BBC_Wildlife_Specials dbo:presenter ?uri },uri,http://dbpedia.org/resource/David_Attenborough,,,,,,
14802,en,"What is the total population of Melbourne, Florida?","total population, Melbourne Florida",353,number,False,True,False,"PREFIX dbo: <http://dbpedia.org/ontology/> SELECT ?uri WHERE { <http://dbpedia.org/resource/Melbourne,_Florida> dbo:populationTotal ?uri }",,,literal,76068,,,,
14807,en,When did Operation Overlord commence?,"when, Operation Overlord, commence",356,date,False,True,False,PREFIX dbo: <http://dbpedia.org/ontology/> PREFIX res: <http://dbpedia.org/resource/> SELECT DISTINCT ?d WHERE { res:Operation_Overlord dbo:date ?d },,,,,,,literal,1944-08-30
14808,en,What is the bridge with the longest span?,"bridge, longest span",357,resource,False,True,False,PREFIX dbo: <http://dbpedia.org/ontology/> PREFIX res: <http://dbpedia.org/resource/> PREFIX rdf: <http://www.w3.org/1999/02/22-rdf-syntax-ns#> SELECT DISTINCT ?uri WHERE { ?uri rdf:type dbo:Bridge ; dbo:mainspan ?s } ORDER BY DESC(?s) OFFSET 0 LIMIT 1,uri,http://dbpedia.org/resource/Overseas_Highway,,,,,,
14811,en,How many children did Benjamin Franklin have?,"Benjamin Franklin, child",362,number,True,True,False,PREFIX dbo: <http://dbpedia.org/ontology/> PREFIX res: <http://dbpedia.org/resource/> SELECT (COUNT(DISTINCT ?uri) AS ?c) WHERE { res:Benjamin_Franklin dbo:child ?uri },,,literal,3,,,,
14812,en,How tall is Michael Jordan?,"tall, Michael Jordan",363,number,False,True,False,PREFIX dbo: <http://dbpedia.org/ontology/> PREFIX res: <http://dbpedia.org/resource/> SELECT DISTINCT ?num WHERE { res:Michael_Jordan dbo:height ?num },,,literal,1.9812,,,,
14813,en,In which UK city are the headquarters of the MI6?,"MI6, headquarters, city, UK",364,resource,False,True,False,PREFIX dbo: <http://dbpedia.org/ontology/> PREFIX res: <http://dbpedia.org/resource/> PREFIX rdf: <http://www.w3.org/1999/02/22-rdf-syntax-ns#> SELECT DISTINCT ?uri WHERE { res:Secret_Intelligence_Service dbo:headquarter ?uri . ?uri dbo:country res:United_Kingdom },uri,http://dbpedia.org/resource/London,,,,,,
14814,en,Who created Family Guy?,"create, Family Guy",365,resource,False,True,False,PREFIX dbo: <http://dbpedia.org/ontology/> PREFIX res: <http://dbpedia.org/resource/> SELECT DISTINCT ?uri WHERE { res:Family_Guy dbo:creator ?uri },uri,http://dbpedia.org/resource/Seth_MacFarlane,,,,,,
14815,en,In which city does the Chile Route 68 end?,"city, Chile Route 68, ends",366,resource,False,True,False,PREFIX dbo: <http://dbpedia.org/ontology/> PREFIX res: <http://dbpedia.org/resource/> SELECT DISTINCT ?uri WHERE { res:Chile_Route_68 dbo:routeEnd ?uri },uri,http://dbpedia.org/resource/Valparaíso,,,,,,
14816,en,Give me the grandchildren of Elvis Presley.,"Elvis Presley, grandchildren",367,resource,False,True,False,PREFIX dbo: <http://dbpedia.org/ontology/> PREFIX res: <http://dbpedia.org/resource/> SELECT DISTINCT ?uri WHERE { res:Elvis_Presley dbo:child ?child . ?child dbo:child ?uri },uri,http://dbpedia.org/resource/Riley_Keough,,,,,,
14817,en,When did the Ming dynasty dissolve?,"dissolve, Ming dynasty",368,date,False,True,False,PREFIX dbo: <http://dbpedia.org/ontology/> PREFIX res: <http://dbpedia.org/resource/> SELECT DISTINCT ?date WHERE { res:Ming_dynasty dbo:dissolutionDate ?date },,,,,,,literal,1644-04-25
14824,en,What is the timezone in San Pedro de Atacama?,"timezone, San Pedro de Atacama",370,resource,False,True,False,PREFIX dbo: <http://dbpedia.org/ontology/> PREFIX res: <http://dbpedia.org/resource/> SELECT DISTINCT ?uri WHERE { res:San_Pedro_de_Atacama dbo:timeZone ?uri },uri,http://dbpedia.org/resource/Time_in_Chile,,,,,,
14835,en,What did Bruce Carver die from?,"Bruce Carver, die",372,resource,False,True,False,PREFIX dbo: <http://dbpedia.org/ontology/> PREFIX res: <http://dbpedia.org/resource/> SELECT DISTINCT ?uri WHERE { res:Bruce_Carver dbo:deathCause ?uri },uri,http://dbpedia.org/resource/Cancer,,,,,,
14836,en,Which subsidiary of Lufthansa serves both Dortmund and Berlin Tegel?,"subsidiary, Lufthansa, serve, Dortmund, Berlin Tegel",373,resource,False,True,False,PREFIX dbo: <http://dbpedia.org/ontology/> PREFIX res: <http://dbpedia.org/resource/> SELECT DISTINCT ?uri WHERE { res:Lufthansa dbo:subsidiary ?uri . ?uri dbo:targetAirport res:Dortmund_Airport ; dbo:targetAirport res:Berlin_Tegel_Airport },uri,http://dbpedia.org/resource/Germanwings,,,,,,
14837,en,In which city does Sylvester Stallone live?,"city, live, Sylvester Stallone",377,resource,False,True,False,PREFIX dbo: <http://dbpedia.org/ontology/> PREFIX res: <http://dbpedia.org/resource/> PREFIX rdf: <http://www.w3.org/1999/02/22-rdf-syntax-ns#> SELECT DISTINCT ?uri WHERE { ?uri rdf:type dbo:City . res:Sylvester_Stallone dbo:residence ?uri },uri,"http://dbpedia.org/resource/Beverly_Hills,_California",,,,,,
14844,en,What is the capital of Canada?,"capital, Canada",380,resource,False,True,False,PREFIX dbo: <http://dbpedia.org/ontology/> PREFIX res: <http://dbpedia.org/resource/> SELECT DISTINCT ?uri WHERE { res:Canada dbo:capital ?uri },uri,http://dbpedia.org/resource/Ottawa,,,,,,
14845,en,Who is the mayor of Tel Aviv?,"Tel Aviv, mayor",381,resource,False,True,False,PREFIX dbo: <http://dbpedia.org/ontology/> PREFIX res: <http://dbpedia.org/resource/> SELECT DISTINCT ?uri WHERE { res:Tel_Aviv dbo:leaderName ?uri },uri,http://dbpedia.org/resource/Ron_Huldai,,,,,,
14846,en,What form of government does Russia have?,"form of government, Russia",382,resource,False,True,False,PREFIX dbo: <http://dbpedia.org/ontology/> PREFIX res: <http://dbpedia.org/resource/> SELECT DISTINCT ?uri WHERE { res:Russia dbo:governmentType ?uri },uri,http://dbpedia.org/resource/Federalism,,,,,,
14853,en,How many languages are spoken in Colombia?,"languages, Colombia",385,number,True,True,False,PREFIX dbo: <http://dbpedia.org/ontology/> PREFIX res: <http://dbpedia.org/resource/> PREFIX rdf: <http://www.w3.org/1999/02/22-rdf-syntax-ns#> SELECT (COUNT(DISTINCT ?uri) AS ?c) WHERE { ?uri rdf:type dbo:Language . res:Colombia dbo:language ?uri },,,literal,2,,,,
14854,en,What is the currency of the Czech Republic?,"Czech republic, currency",386,resource,False,True,False,PREFIX dbo: <http://dbpedia.org/ontology/> PREFIX res: <http://dbpedia.org/resource/> SELECT DISTINCT ?uri WHERE { res:Czech_Republic dbo:currency ?uri },uri,http://dbpedia.org/resource/Czech_koruna,,,,,,
14855,en,Where in France is sparkling wine produced?,"produced, France, sparkling wine",387,resource,False,True,False,PREFIX dbo: <http://dbpedia.org/ontology/> PREFIX res: <http://dbpedia.org/resource/> SELECT DISTINCT ?uri WHERE { ?uri dbo:wineProduced res:Sparkling_wine ; dbo:location res:France },uri,http://dbpedia.org/resource/Loire_Valley_(wine),,,,,,
14856,en,When did Boris Becker end his active career?,"Boris Becker, end career",388,date,False,True,False,PREFIX dbo: <http://dbpedia.org/ontology/> PREFIX res: <http://dbpedia.org/resource/> SELECT DISTINCT ?d WHERE { res:Boris_Becker dbo:activeYearsEndDate ?d },,,,,,,literal,1999-06-25
14857,en,Which movies starring Mickey Rourke were directed by Guy Ritchie?,"movies, starring, Mickey Rourke, directed, Guy Ritchie",389,resource,False,True,False,PREFIX dbo: <http://dbpedia.org/ontology/> PREFIX res: <http://dbpedia.org/resource/> PREFIX rdf: <http://www.w3.org/1999/02/22-rdf-syntax-ns#> SELECT DISTINCT ?uri WHERE { ?uri rdf:type dbo:Film ; dbo:starring res:Mickey_Rourke ; dbo:director res:Guy_Ritchie },uri,http://dbpedia.org/resource/The_Hire,,,,,,
14860,en,Show me Hemingway's autobiography.,"autobiography, Hemingway",391,resource,False,True,False,PREFIX dbo: <http://dbpedia.org/ontology/> PREFIX res: <http://dbpedia.org/resource/> SELECT DISTINCT ?uri WHERE { ?uri dbo:author res:Ernest_Hemingway ; dbo:literaryGenre res:Autobiography },uri,http://dbpedia.org/resource/A_Moveable_Feast,,,,,,
14861,en,How tall is Amazon Eve?,"Amazon Eve, tall",392,number,False,True,False,PREFIX dbo: <http://dbpedia.org/ontology/> PREFIX res: <http://dbpedia.org/resource/> SELECT DISTINCT ?height WHERE { res:Amazon_Eve dbo:height ?height },,,literal,2.02,,,,
14867,en,Give me all Canadian Grunge record labels.,"record label, Canadian, Grunge",394,resource,False,True,False,PREFIX dbo: <http://dbpedia.org/ontology/> PREFIX res: <http://dbpedia.org/resource/> PREFIX rdf: <http://www.w3.org/1999/02/22-rdf-syntax-ns#> SELECT DISTINCT ?uri WHERE { ?uri rdf:type dbo:RecordLabel ; dbo:genre res:Grunge ; dbo:country res:Canada },uri,http://dbpedia.org/resource/Murderecords,,,,,,
14868,en,In which country does the Ganges start?,"Ganges, start, country",395,resource,False,True,False,PREFIX dbo: <http://dbpedia.org/ontology/> PREFIX res: <http://dbpedia.org/resource/> SELECT DISTINCT ?uri WHERE { res:Ganges dbo:sourceCountry ?uri },uri,http://dbpedia.org/resource/India,,,,,,
14869,en,Who is the founder of Penguin Books?,"founder, Penguin Books",396,resource,False,True,False,PREFIX dbo: <http://dbpedia.org/ontology/> PREFIX res: <http://dbpedia.org/resource/> PREFIX rdf: <http://www.w3.org/1999/02/22-rdf-syntax-ns#> SELECT DISTINCT ?uri WHERE { res:Penguin_Books dbo:founder ?uri },uri,http://dbpedia.org/resource/Allen_Lane,,,,,,
14870,en,Who wrote the Game of Thrones theme?,"writer, Game of Thrones",397,resource,False,True,False,PREFIX dbo: <http://dbpedia.org/ontology/> PREFIX res: <http://dbpedia.org/resource/> SELECT DISTINCT ?uri WHERE { res:Game_of_Thrones dbo:composer ?uri },uri,http://dbpedia.org/resource/Ramin_Djawadi,,,,,,
14871,en,Who is the president of Eritrea?,"president, Eritrea",398,resource,False,True,False,"PREFIX dbo: <http://dbpedia.org/ontology/> PREFIX res: <http://dbpedia.org/resource/> SELECT DISTINCT ?uri WHERE { res:Eritrea dbo:leader ?uri ; dbo:leaderTitle ""President""@en }",uri,http://dbpedia.org/resource/Isaias_Afwerki,,,,,,
14872,en,In which city did John F. Kennedy die?,"city, John F. Kennedy, die",399,resource,False,True,False,PREFIX dbo: <http://dbpedia.org/ontology/> PREFIX res: <http://dbpedia.org/resource/> PREFIX rdf: <http://www.w3.org/1999/02/22-rdf-syntax-ns#> SELECT DISTINCT ?uri WHERE { res:John_F._Kennedy dbo:deathPlace ?uri . ?uri rdf:type dbo:City },uri,http://dbpedia.org/resource/Dallas,,,,,,
14873,en,What is the highest mountain in Australia?,"Australia, highest mountain",400,resource,False,True,False,PREFIX dbo: <http://dbpedia.org/ontology/> PREFIX res: <http://dbpedia.org/resource/> PREFIX rdf: <http://www.w3.org/1999/02/22-rdf-syntax-ns#> SELECT DISTINCT ?uri WHERE { ?uri rdf:type dbo:Mountain ; dbo:locatedInArea res:Australia ; dbo:elevation ?elevation } ORDER BY DESC(?elevation) LIMIT 1,uri,http://dbpedia.org/resource/Mawson_Peak,,,,,,
14876,en,Give me the currency of China.,"currency, China",402,resource,False,True,False,PREFIX dbo: <http://dbpedia.org/ontology/> PREFIX res: <http://dbpedia.org/resource/> SELECT DISTINCT ?uri WHERE { res:China dbo:currency ?uri },uri,http://dbpedia.org/resource/Renminbi,,,,,,
14877,en,Give me all Swedish oceanographers.,"Swedish, oceanographer",403,resource,False,True,False,PREFIX dbo: <http://dbpedia.org/ontology/> PREFIX res: <http://dbpedia.org/resource/> SELECT DISTINCT ?uri WHERE { ?uri dbo:field res:Oceanography ; dbo:birthPlace res:Sweden },uri,http://dbpedia.org/resource/Vagn_Walfrid_Ekman,,,,,,
14878,en,In which city are the headquarters of the United Nations?,"city, headquarters of the United Nations",404,resource,False,True,False,PREFIX dbo: <http://dbpedia.org/ontology/> PREFIX res: <http://dbpedia.org/resource/> PREFIX rdf: <http://www.w3.org/1999/02/22-rdf-syntax-ns#> SELECT DISTINCT ?uri WHERE { res:Headquarters_of_the_United_Nations dbo:location ?uri . ?uri rdf:type dbo:City },uri,http://dbpedia.org/resource/New_York_City,,,,,,
14882,en,Which of Tim Burton's films had the highest budget?,"highest budget, film, Tim Burton",407,resource,False,True,False,PREFIX dbo: <http://dbpedia.org/ontology/> PREFIX res: <http://dbpedia.org/resource/> SELECT DISTINCT ?uri WHERE { ?uri dbo:director res:Tim_Burton ; dbo:budget ?b } ORDER BY ?b OFFSET 0 LIMIT 1,uri,http://dbpedia.org/resource/Big_Eyes,,,,,,
14883,en,Which museum in New York has the most visitors?,"museum, New York, the most visitors",408,resource,False,True,False,PREFIX dbo: <http://dbpedia.org/ontology/> PREFIX res: <http://dbpedia.org/resource/> PREFIX rdf: <http://www.w3.org/1999/02/22-rdf-syntax-ns#> SELECT DISTINCT ?uri WHERE { ?uri rdf:type dbo:Museum ; dbo:location res:New_York_City ; dbo:numberOfVisitors ?num } ORDER BY DESC(?num) OFFSET 0 LIMIT 1,uri,http://dbpedia.org/resource/Metropolitan_Museum_of_Art,,,,,,
14884,en,What was the first Queen album?,"first album, Queen",409,resource,False,True,False,PREFIX dbo: <http://dbpedia.org/ontology/> PREFIX rdf: <http://www.w3.org/1999/02/22-rdf-syntax-ns#> SELECT DISTINCT ?uri WHERE { ?uri rdf:type dbo:Album ; dbo:artist <http://dbpedia.org/resource/Queen_(band)> ; dbo:releaseDate ?d } ORDER BY ASC(?d) OFFSET 0 LIMIT 1,uri,http://dbpedia.org/resource/Queen_(Queen_album),,,,,,
14885,en,What was the first name of the band Queens of the Stone Age?,"first name, Queens of the Stone Age",410,string,False,True,False,PREFIX dbo: <http://dbpedia.org/ontology/> PREFIX res: <http://dbpedia.org/resource/> SELECT DISTINCT ?name WHERE { res:Queens_of_the_Stone_Age dbo:alias ?name },,,,,literal,Gamma Ray (1996–1997),,
14886,en,What was the last movie with Alec Guinness?,"Alec Guinness, last, movie",411,resource,False,True,False,PREFIX dbo: <http://dbpedia.org/ontology/> PREFIX res: <http://dbpedia.org/resource/> PREFIX rdf: <http://www.w3.org/1999/02/22-rdf-syntax-ns#> SELECT DISTINCT ?uri WHERE { ?uri rdf:type dbo:Film ; dbo:starring res:Alec_Guinness ; dbo:releaseDate ?date } ORDER BY DESC(?date) LIMIT 1,uri,http://dbpedia.org/resource/Kafka_(film),,,,,,
14897,en,Who discovered Pluto?,"discovered, Pluto",413,resource,False,True,False,PREFIX dbo: <http://dbpedia.org/ontology/> PREFIX dbr: <http://dbpedia.org/resource/> SELECT ?uri WHERE { dbr:Pluto dbo:discoverer ?uri },uri,http://dbpedia.org/resource/Clyde_Tombaugh,,,,,,
